Date,Closing Price (USD),active_addresses,hash_rate,btc_left,total_addresses,difficulty,total_fees,fed_assets,GLD,IYE,SLV,SPY,TLT,UUP,NYFed_inflation,Google_popularity,Pct_of_OI_Dealer_Long_All,Pct_of_OI_Dealer_Short_All,Pct_of_OI_Lev_Money_Long_All,Pct_of_OI_Lev_Money_Short_All,Pct_Change_Dealer_Net_Position,Pct_Change_Lev_Money_Net_Position
2018-04-10,6789.2675,3758023,2.725243746928663e+19,4029825.0,386630566,1.507989024898e+22,177.40879091,4384029.714285715,127.120003,38.299999,15.62,265.149994,121.08000200000001,23.51,3.145907759,18,0.0,0.0,53.0,65.1,0.0,0.0
2018-04-17,8030.57,4231315,2.8378831378597306e+19,4016287.5,388596483,1.64897405203126e+22,194.75821923,4385586.0,127.75,39.740002000000004,15.8,270.190002,121.269997,23.459999,3.145907759,18,0.0,0.0,51.9,64.7,0.0,0.2621359223300971
2018-04-24,9191.82,4433517,3.016499603244246e+19,4002462.5,390723140,1.64897405203126e+22,226.70325546,4374745.571428572,126.230003,40.009997999999996,15.76,262.980011,117.949997,23.84,3.145907759,18,0.0,0.0,50.2,70.7,0.0,0.8769230769230769
2018-05-01,8949.876240000001,4403620,2.8239407433994318e+19,3989900.0,392808416,1.72746127101045e+22,360.26156311999995,4358522.857142857,123.709999,40.23,15.24,264.980011,118.410004,24.290001,3.19244481,14,0.0,0.0,60.2,67.7,0.0,-0.6926229508196722
2018-05-08,9424.991240000001,4526336,2.9025152470564286e+19,3977200.0,394914118,1.72746127101045e+22,251.32058004000004,4357910.142857143,124.589996,41.029999,15.51,266.920013,118.690002,24.469998999999998,3.19244481,14,0.0,0.0,51.7,68.7,0.0,1.82
2018-05-15,8711.38875,4336654,3.006617309245258e+19,3964300.0,396937156,1.77978225276676e+22,220.6728699,4340551.571428572,122.480003,42.470001,15.33,271.100006,117.25,24.5,3.19244481,14,0.0,0.0,53.4,66.1,0.0,-0.2458628841607565
2018-05-22,8324.025,4138463,3.1386094852253983e+19,3950987.5,398868211,1.77978225276676e+22,270.78248393,4337345.0,122.410004,42.849998,15.58,272.609985,117.089996,24.610001,3.19244481,14,0.0,0.0,49.3,69.7,0.0,0.7210031347962382
2018-05-29,7118.42375,3932876,3.340967200855463e+19,3937212.5,400726046,1.84982075657717e+22,190.69666807,4328916.428571428,123.190002,40.93,15.44,269.019989,122.239998,24.969998999999998,3.19244481,14,0.0,0.0,43.2,66.8,0.0,0.1657559198542805
2018-06-05,7624.187970555799,4324913,3.637003521799504e+19,3922425.0,402703128,2.12201659025037e+22,135.51590328999998,4325777.0,122.849998,41.5,15.52,275.100006,119.709999,24.75,3.2408529460000004,13,0.0,0.0,44.1,72.2,0.0,0.1234375
2018-06-12,6525.329181606,1241736,3.49313647225406e+19,3910050.0,404636460,2.12201659025037e+22,46.57755241,4325196.333333333,122.82,42.119999,15.87,278.920013,119.339996,24.709999,3.2408529460000004,13,1.1,0.0,51.0,61.8,100.0,-0.6036161335187761
2018-06-19,6731.7101466428,3945468,3.832203137434678e+19,3896412.5,406473511,2.18076923002769e+22,229.88882953,4317183.142857143,120.800003,41.34,15.36,275.5,120.970001,25.040001,3.2408529460000004,13,1.1,0.0,56.1,53.7,0.0,-1.224561403508772
2018-06-26,6148.4227054114,3933305,4.003039615878777e+19,3882537.5,408296241,2.18076923002769e+22,471.73508858,4306977.428571428,119.260002,41.169998,15.33,271.600006,120.970001,24.99,3.2408529460000004,13,1.1,0.0,56.1,56.0,0.0,-0.953125
2018-07-03,6482.8305936314,4082546,3.558296972696293e+19,3870362.5,410119698,2.3036823578322e+22,178.50897578,4292010.714285715,118.650002,41.599998,15.03,270.899994,122.0,24.98,3.242809435,12,0.0,0.0,47.7,65.2,-1.0,-148.0
2018-07-10,6364.387589598199,3413811,3.844398714849352e+19,3857487.5,411985143,2.3036823578322e+22,116.31180648,4290961.5,118.93,42.740002000000004,15.12,278.899994,121.949997,24.84,3.242809435,12,0.0,0.0,53.9,63.0,0.0,-0.4557823129251701
2018-07-17,7315.5510403376,4152097,3.640451300713472e+19,3845437.5,413890369,2.22422228784067e+22,117.92159312,4291546.0,116.279999,41.419998,14.67,280.47000099999997,121.980003,25.07,3.242809435,12,0.0,0.0,51.5,69.7,0.0,1.1708333333333334
2018-07-24,8325.801533665799,4452856,4.206235574205811e+19,3831150.0,416002246,2.22422228784067e+22,171.65608353,4279671.571428572,116.040001,41.630001,14.58,281.609985,119.68,25.0,3.242809435,12,0.9,0.0,39.4,67.4,100.0,0.8426103646833013
2018-07-31,7700.8341285235,4508144,4.2712966774270435e+19,3817337.5,418153307,2.55526389406631e+22,154.00889769000003,4258799.857142857,115.989998,42.41,14.61,281.329987,119.699997,24.98,3.242809435,12,0.0,0.0,56.2,64.3,-1.0,-0.7427083333333333
2018-08-07,6748.4414841816015,4427904,4.594007015989889e+19,3803750.0,420226375,2.55526389406631e+22,136.89750533,4257690.428571428,114.589996,41.939999,14.43,285.579987,118.66999799999999,25.18,3.241878078,13,0.0,0.0,54.2,53.2,0.0,-1.1093117408906883
2018-08-14,6123.4476006081995,4210094,4.78672021822424e+19,3790087.5,422285139,2.74419070584645e+22,136.45797882,4233082.0,113.07,41.080002,14.17,283.899994,120.139999,25.59,3.241878078,13,0.0,0.0,69.2,59.2,0.0,10.074074074074074
2018-08-21,6470.7335666522995,4182943,4.881914084875293e+19,3776662.5,424389020,2.74419070584645e+22,158.41903059999999,4228833.142857143,113.019997,40.560001,13.89,286.339996,121.379997,25.23,3.241878078,13,0.0,0.0,70.6,61.7,0.0,-0.11036789297658862
2018-08-28,7084.293616736801,4218680,5.15223947072601e+19,3762900.0,426453127,2.88932133852765e+22,189.47151286,4220328.857142857,113.68,41.25,13.84,289.920013,120.860001,25.1,3.241878078,13,0.0,0.0,59.4,61.4,0.0,-1.2142857142857142
2018-09-04,7361.2718642376,4244719,4.851953013061857e+19,3750237.5,428590276,2.88932133852765e+22,152.54237997,4209984.285714285,112.93,40.950001,13.31,289.809998,120.029999,25.299999,3.195810681,12,0.0,0.0,43.8,61.2,0.0,7.245614035087719
2018-09-11,6275.6695882724,4338365,5.021826252090321e+19,3737450.0,430723637,3.01472311420143e+22,171.4788493,4210481.142857143,113.220001,40.509997999999996,13.28,289.049988,118.660004,25.25,3.195810681,12,0.0,0.0,60.1,48.8,0.0,-1.6553191489361705
2018-09-18,6278.5954861797,4125682,5.00523723267213e+19,3724900.0,432847884,3.01472311420143e+22,130.67285216,4208452.285714285,113.440002,41.310001,13.31,290.910004,117.309998,25.1,3.195810681,12,0.0,0.0,57.1,50.4,0.0,-0.4025974025974026
2018-09-25,6391.385980592801,4308395,5.42999022403601e+19,3711450.0,435139761,3.07203263267169e+22,129.92704363,4195073.285714285,113.650002,42.669998,13.59,290.75,116.68,25.01,3.195810681,12,0.0,0.0,51.4,51.7,-100.0,-1.0434782608695652
2018-10-02,6576.354228941899,4370509,5.313211060787243e+19,3698375.0,437365682,3.07203263267169e+22,154.78647128,4177304.7142857136,113.870003,42.580002,13.79,291.559998,116.860001,25.34,3.1853230530000003,9,0.0,1.7,52.5,57.0,39.0,12.125
2018-10-09,6663.021070746,4478649,5.024038878925981e+19,3686412.5,439733041,3.20188465369959e+22,125.51817103,4176591.4285714286,112.599998,43.049999,13.53,287.399994,113.800003,25.42,3.1853230530000003,9,0.0,2.7,57.7,58.1,0.9,-0.8761904761904762
2018-10-16,6724.8330778968,4498589,5.232435182630628e+19,3674075.0,441911899,3.20188465369959e+22,120.61506202000002,4175654.5714285714,115.800003,40.509997999999996,13.78,280.399994,114.68,25.280001000000002,3.1853230530000003,9,0.0,2.8,58.8,59.3,-0.0,0.07692307692307693
2018-10-23,6396.252324044001,4521755,5.1947920581569634e+19,3661475.0,444127078,3.0850115780363e+22,114.64007436,4173409.4285714286,116.389999,38.099998,13.83,273.609985,113.91999799999999,25.52,3.1853230530000003,9,0.0,2.5,55.3,46.7,-0.0,-19.5
2018-10-30,6276.4644997238,4535314,4.936692808538831e+19,3649362.5,446339104,3.0850115780363e+22,120.38276936,4144493.7142857136,115.800003,36.779999,13.61,267.769989,114.160004,25.83,3.1853230530000003,9,0.0,0.0,68.6,57.9,-1.0,0.07335907335907338
2018-11-06,6425.917801818498,4836778,5.18210291313935e+19,3636662.5,448704036,3.0856784270125e+22,116.73669246,4141621.0,116.040001,38.02,13.65,275.119995,112.370003,25.639999,3.11946737,13,0.0,0.0,64.4,67.5,0.0,-1.3165467625899279
2018-11-13,6282.438677162901,4629808,4.667034714075365e+19,3625225.0,451035186,3.0856784270125e+22,131.79978001,4145326.857142857,113.699997,35.970001,13.15,272.059998,114.019997,25.93,3.11946737,13,0.9,0.0,69.7,66.7,100.0,-2.238636363636364
2018-11-20,4246.3127740611,4748874,4.464303821886146e+19,3613800.0,453263260,2.85757194027127e+22,250.32744292,4111868.5714285714,115.66999799999999,35.59,13.45,264.119995,115.059998,25.82,3.11946737,13,0.0,0.0,57.7,51.3,-1.0,1.201834862385321
2018-11-27,3792.1923641199,4349601,4.078799652772691e+19,3603000.0,455302278,2.85757194027127e+22,264.92195655,4098459.7142857136,114.949997,35.49000200000001,13.29,268.399994,115.010002,25.99,3.11946737,13,0.0,0.0,63.7,55.1,0.0,0.3625
2018-12-04,3889.2921196935,4183185,3.705410783523568e+19,3592825.0,457359836,2.42511198823501e+22,241.57733143,4087633.4285714286,117.120003,35.91,13.62,270.25,117.82,25.879998999999998,3.026669917,12,0.0,0.0,73.0,70.2,0.0,-0.7186544342507645
2018-12-11,3360.9466282565995,4213820,3.5398791621400744e+19,3581787.5,459386224,2.42511198823501e+22,168.85995611,4087989.7142857136,117.540001,34.439999,13.66,264.130005,118.879997,26.040001,3.026669917,12,0.0,0.0,73.2,68.0,0.0,1.2391304347826086
2018-12-18,3562.8949463603003,4446847,3.807643445572598e+19,3569925.0,461440875,2.19319194609586e+22,150.31723186000005,4084851.142857143,118.150002,32.139998999999996,13.75,255.080002,119.599998,25.959999,3.026669917,12,0.0,0.0,70.9,73.7,0.0,-1.5922330097087378
2018-12-25,3767.350023900901,4167090,3.934598032336096e+19,3556350.0,463430651,2.19319194609586e+22,167.04652865,4076870.0,120.019997,29.27,13.87,234.33999599999999,121.32,25.549999,3.026669917,12,0.0,0.0,69.7,66.8,0.0,-1.9262295081967211
2019-01-01,3715.5644411293,2786132,4.180139842484776e+19,3542400.0,465325537,2.41316854202662e+22,78.25103025,4061829.6,121.25,31.16,14.52,249.919998,121.510002,25.450001,2.95281538,10,1.3,0.0,66.1,64.4,100.0,-0.4424778761061947
2019-01-08,3992.9861439065003,4024300,4.264664254092431e+19,3529037.5,467390332,2.41316854202662e+22,130.47634191,4056822.2857142864,121.529999,33.48,14.69,256.769989,121.43,25.43,2.95281538,10,0.0,0.0,69.3,70.4,-1.0,-1.6031746031746033
2019-01-15,3568.7512587365995,4100607,4.139474140471775e+19,3516237.5,469521493,2.52715378809958e+22,146.77180027,4050975.2857142864,121.879997,33.900002,14.6,260.350006,120.040001,25.450001,2.95281538,10,0.0,0.0,76.4,65.3,-100.0,-14.0
2019-01-22,3581.5519472363,4124968,4.040973072326088e+19,3504137.5,471684472,2.52715378809958e+22,142.30427927,4047479.4285714286,121.449997,34.02,14.39,262.859985,120.370003,25.559998999999998,2.95281538,10,0.0,0.0,67.1,57.5,-0.0,-0.032388663967611336
2019-01-29,3395.0186452496996,4286211,4.264309109317817e+19,3491337.5,473924928,2.49737828519513e+22,153.58622978,4040731.4285714286,123.980003,34.07,14.88,263.410004,121.019997,25.469998999999998,2.95281538,10,0.0,2.4,68.2,63.6,96.0,-0.606694560669456
2019-02-05,3419.7678987458007,4258034,4.232302767779248e+19,3478525.0,476174324,2.49737828519513e+22,151.33883584,4028254.0,124.279999,35.41,14.87,273.100006,120.970001,25.530001000000002,2.930993525,9,0.0,2.5,65.2,62.6,-0.0,-0.4521276595744681
2019-02-12,3579.3418810265002,4607413,4.449449081313966e+19,3465225.0,478415273,2.60340251433503e+22,148.26986379000004,4028133.7142857136,123.860001,34.830002,14.73,274.100006,121.559998,25.73,2.930993525,9,0.0,2.9,50.5,62.2,-0.0,-4.815533980582523
2019-02-19,3904.4829202328,4530616,4.479491597344944e+19,3452212.5,480757982,2.60340251433503e+22,195.81855996,3988135.857142857,126.699997,36.119999,15.02,277.850006,122.290001,25.690001000000002,2.930993525,9,0.0,2.4,46.3,57.0,-0.0,0.08142493638676845
2019-02-26,3797.581789510301,4595908,4.284202267340334e+19,3439775.0,483148703,2.60783802107564e+22,241.18371957,3975565.7142857136,125.58000200000001,35.66,14.94,279.320007,121.809998,25.6,2.930993525,9,0.0,3.7,47.4,56.7,0.27835051546391754,-0.27058823529411763
2019-03-05,3832.0808847342,4671093,4.385614989466268e+19,3427062.5,485591442,2.60783802107564e+22,197.63462823,3969913.4285714286,121.720001,36.099998,14.2,279.019989,119.839996,25.84,2.8638736,8,0.0,3.8,41.8,56.2,-0.0,0.5
2019-03-12,3866.2959463248,4712262,4.207816742802549e+19,3414875.0,488017516,2.60656906944718e+22,217.08686156,3971212.5714285714,122.980003,35.54000100000001,14.48,279.48999,122.059998,25.879998999999998,2.8638736,8,0.0,3.6,41.9,64.9,-0.0,0.7161290322580646
2019-03-19,3996.0371307640003,4796210,4.67887346508225e+19,3401287.5,490469992,2.60656906944718e+22,188.55926668,3964006.7142857136,123.379997,36.330002,14.4,282.399994,121.410004,25.74,2.8638736,8,0.0,3.4,39.7,68.7,-0.0,0.3383458646616541
2019-03-26,3915.3753197805,4715441,4.5789782099025125e+19,3388262.5,492887277,2.73987364863131e+22,189.11830354,3956635.7142857136,124.300003,36.139998999999996,14.47,281.119995,124.970001,25.879998999999998,2.8638736,8,0.0,3.6,36.1,61.4,-0.0,-0.1882022471910112
2019-04-02,4818.7706353498,5204994,4.597135642982228e+19,3375600.0,495530545,2.73987364863131e+22,434.94402288,3938381.5714285714,121.980003,36.25,14.16,285.97000099999997,124.599998,26.040001,2.8103199410000004,12,0.0,4.0,37.9,65.0,0.27419354838709675,0.24682814302191464
2019-04-09,5179.997649217999,5400366,4.527088562458643e+19,3363100.0,498211456,2.74578277879344e+22,823.22363485,3936601.857142857,123.150002,36.529999,14.28,287.309998,123.980003,25.98,2.8103199410000004,12,0.0,3.6,44.3,61.1,-0.0,-0.3098982423681776
2019-04-16,5184.2044677778995,5104194,4.552843238710023e+19,3350562.5,500824027,2.74578277879344e+22,606.8195559999999,3932535.142857143,120.510002,36.799999,14.07,290.160004,122.209999,26.01,2.8103199410000004,12,0.0,3.7,52.5,58.8,-0.0,-0.6394101876675603
2019-04-23,5552.5219105461,5017105,4.445320891922861e+19,3338287.5,503302469,2.72860584985047e+22,503.01439322,3928780.7142857136,120.120003,37.32,13.91,292.880005,122.57,26.16,2.8103199410000004,12,0.0,3.7,47.0,57.0,-0.0,0.6096654275092936
2019-04-30,5277.4444688896,5242815,4.778422060674922e+19,3325037.5,505912354,2.72860584985047e+22,575.23744309,3895202.7142857136,121.199997,35.939999,14.02,294.019989,123.650002,26.17,2.8103199410000004,12,0.0,3.2,46.9,62.2,-0.2215189873417721,0.3533487297921478
2019-05-07,5899.5296934602,5166780,4.845043127449379e+19,3311962.5,508562649,2.87856004655158e+22,503.74075944,3891855.2857142864,121.209999,34.630001,13.98,287.929993,124.949997,26.200001,2.67047402,17,0.0,2.8,44.2,61.3,-0.0,0.2815699658703072
2019-05-14,7928.4174163467005,5828067,4.921616672327995e+19,3299037.5,511504453,2.87856004655158e+22,817.0997526299999,3868672.857142857,122.459999,34.619999,13.86,283.399994,125.360001,26.209999,2.67047402,17,0.0,2.8,51.5,55.2,-0.0,-0.7789613848202397
2019-05-21,7961.128743162199,5989817,5.1198710316678455e+19,3285587.5,514429583,2.87961780948158e+22,1297.17740414,3861051.2857142864,120.360001,35.02,13.53,286.51001,125.529999,26.370001000000002,2.67047402,17,0.0,2.6,50.6,53.7,-0.0,-0.13253012048192772
2019-05-28,8719.3314849999,5776029,5.303042410360765e+19,3271662.5,517184305,2.87961780948158e+22,1138.85304031,3852728.4285714286,120.83000200000001,32.959998999999996,13.46,280.149994,128.699997,26.360001,2.67047402,17,0.0,2.4,52.2,53.2,-0.0,-0.625
2019-06-04,7645.572513900699,5701447,5.152466955508559e+19,3259087.5,519896197,3.20390847333309e+22,1275.10103794,3848187.7142857136,125.150002,32.880001,13.89,280.52999900000003,130.929993,26.15,2.608136114,20,0.0,0.0,52.3,60.8,-1.0,5.981481481481483
2019-06-11,7903.6252503798,5403028,5.549048637329299e+19,3246012.5,522457566,3.20390847333309e+22,736.88164046,3849625.0,125.18,33.25,13.81,288.899994,130.580002,26.08,2.608136114,20,0.0,0.0,46.8,68.7,0.0,1.5755968169761274
2019-06-18,9012.4878496522,6034711,5.399407970256513e+19,3233225.0,525372134,3.18231274578496e+22,723.67418724,3844864.4285714286,127.120003,33.41,14.05,292.399994,132.350006,26.360001,2.608136114,20,0.0,0.0,47.6,54.0,0.0,-0.6426364572605562
2019-06-25,11665.409683733502,6193524,5.771040131761626e+19,3219487.5,528331989,3.18231274578496e+22,770.7236305,3829274.0,134.199997,33.709998999999996,14.38,290.76001,132.820007,25.969998999999998,2.608136114,20,0.0,0.0,51.4,53.9,0.0,-0.5590778097982709
2019-07-02,10800.130139950401,6195333,6.112364189414831e+19,3205775.0,531301238,3.40793337814523e+22,1024.94314346,3815143.5714285714,133.41000400000001,33.830002,14.29,296.429993,133.259995,26.139999,2.554579885,19,0.6,0.0,55.7,57.0,100.0,-0.5228758169934641
2019-07-09,12575.904067439,5470904,6.781657274391395e+19,3190887.5,533941161,3.89302700204976e+22,489.45608618000006,3814775.142857143,131.75,34.139998999999996,14.14,297.190002,132.559998,26.35,2.554579885,19,0.9,0.0,53.2,61.4,0.5833333333333334,5.808219178082192
2019-07-16,9490.4105157548,5275559,6.547078706182349e+19,3178200.0,536439246,3.89302700204976e+22,444.16432631999993,3809099.7142857136,132.399994,34.0,14.54,299.7799990000001,130.580002,26.35,2.554579885,19,0.7,0.0,48.2,63.8,-0.3157894736842105,0.6659959758551308
2019-07-23,10027.5326122485,4901660,6.418737939638392e+19,3165700.0,538790519,3.87139201457165e+22,400.91904319,3804103.7142857136,133.690002,34.009997999999996,15.34,300.0299990000001,131.220001,26.459999,2.554579885,19,0.8,0.0,44.8,56.8,0.02564102564102564,-0.286231884057971
2019-07-30,9572.735371803,4836354,6.992367901503653e+19,3152050.0,541134799,3.87139201457165e+22,312.06981442,3782578.2857142864,134.979996,33.860001000000004,15.5,300.72000099999997,131.830002,26.57,2.554579885,19,1.4,0.0,42.8,53.2,0.5,-0.2470389170896785
2019-08-06,11310.187223605,5176894,7.415055943243e+19,3137975.0,543671408,4.28867431337945e+22,280.30015824,3781194.2857142864,138.91000400000001,31.360001,15.38,287.799988,139.979996,26.49,2.411174039,15,0.0,0.0,39.4,48.3,-1.0,-0.06292134831460675
2019-08-13,10869.3791128623,5060020,7.3494747540334576e+19,3125025.0,546059049,4.28867431337945e+22,402.19086126,3785378.7142857136,141.779999,31.549999,15.87,292.549988,142.479996,26.559998999999998,2.411174039,15,0.0,1.1,42.3,52.4,-100.0,0.14628297362110312
2019-08-20,10818.5070076193,4727350,7.309817674887147e+19,3112200.0,548392688,4.37377497784568e+22,316.79934896,3767887.7142857136,142.21000700000005,30.98,16.049999,290.089996,145.529999,26.66,2.411174039,15,0.0,1.1,40.9,49.3,-0.0,-0.2196652719665272
2019-08-27,10122.1965329581,5085712,7.35195933672494e+19,3099487.5,550787998,4.37377497784568e+22,266.52233539,3760648.857142857,145.570007,29.889999,17.030001000000002,286.869995,147.610001,26.639999,2.411174039,15,0.0,1.2,42.5,51.2,-0.0,-0.05093833780160858
2019-09-03,10691.31129913,4875049,8.123897101607372e+19,3085762.5,553206375,4.62653733831284e+22,214.08756556,3761284.857142857,145.75,30.610001,17.889999,290.73999,147.21000700000005,26.93,2.33281461,12,0.7,1.1,44.0,54.9,-0.62,0.3785310734463277
2019-09-10,10082.9468264833,5032103,8.521497106549396e+19,3071837.5,555708200,4.62653733831284e+22,229.95974854,3768506.5714285714,140.179993,32.700001,16.85,298.130005,140.690002,26.76,2.33281461,12,0.8,1.2,41.0,54.1,-0.0,0.10860655737704918
2019-09-17,10231.4215119596,5084701,8.960112712133976e+19,3058025.0,558241440,5.10697164780102e+22,194.99802520000003,3833977.5714285714,141.600006,33.41,16.860001,300.920013,139.029999,26.719998999999998,2.33281461,12,0.7,1.2,40.4,54.0,-0.0,0.046210720887245836
2019-09-24,8688.973525957199,5124661,9.089186396245447e+19,3044575.0,560782124,5.10697164780102e+22,217.29362192,3855855.0,144.509995,32.369999,17.440001000000002,295.869995,143.570007,26.77,2.33281461,12,1.7,1.2,39.5,60.1,-2.1578947368421053,0.5176678445229682
2019-10-01,8333.689190421701,4952369,9.115663818791384e+19,3031737.5,563246370,5.48030070448019e+22,243.17446233,3933243.0,139.630005,31.02,16.15,293.23999,143.259995,27.01,2.288578202,12,1.8,0.0,38.8,61.6,1.681818181818182,-0.10942956926658906
2019-10-08,8201.6378181926,4785415,9.661219352449976e+19,3018412.5,565695269,5.48030070448019e+22,190.89034643,3949365.857142857,141.919998,29.950001,16.610001,288.5299990000001,145.169998,27.049999,2.288578202,12,1.8,0.0,36.3,61.4,0.0,0.09411764705882353
2019-10-15,8337.8189985374,3985513,9.279718773245883e+19,3007587.5,567754183,5.58693282930144e+22,152.42645493,3963718.333333334,140.58999599999999,30.99,16.49,295.950012,141.46000700000005,26.9,2.288578202,12,1.7,0.0,34.4,59.0,0.0,0.009557945041816007
2019-10-22,8073.4095438836,4803967,9.871293569694104e+19,2992312.5,570606600,5.58693282930144e+22,156.48291773,3968381.5714285714,140.199997,31.51,16.370001000000002,299.01001,139.33999599999999,26.629998999999998,2.288578202,12,1.9,0.0,30.7,55.4,0.0,-0.09585798816568047
2019-10-29,9455.7246926058,5087902,9.264415653388634e+19,2980300.0,573117270,5.88044590000295e+22,251.39827151,4012519.7142857136,140.25,31.82,16.65,303.209991,137.350006,26.700001,2.288578202,12,1.0,0.0,30.3,63.9,-0.4406779661016949,0.387434554973822
2019-11-05,9326.599623784101,5017549,9.185954997477686e+19,2968500.0,575666693,5.88044590000295e+22,255.08092096,4036640.142857143,139.850006,32.919998,16.440001000000002,307.0299990000001,137.149994,26.780001000000002,2.274465032,11,0.9,0.0,34.7,66.6,-0.030303030303030307,0.06037735849056604
2019-11-12,8760.8927181435,5038419,9.128750521763666e+19,2956112.5,578159162,5.463200662839e+22,230.81727148,4046676.4285714286,137.429993,32.110001000000004,15.72,309.0,135.619995,26.9,2.274465032,11,1.0,0.0,29.5,66.1,0.0,0.0062277580071174385
2019-11-19,8118.4885358003,5071946,9.4908467021029e+19,2942975.0,580696369,5.463200662839e+22,199.81473153,4032768.0,138.690002,31.24,16.02,311.929993,139.16000400000001,26.790001,2.274465032,11,1.2,0.0,33.5,60.6,0.1875,-0.2440318302387268
2019-11-26,7141.0694486946995,4987599,8.824069333257888e+19,2930950.0,583235450,5.57196242092859e+22,214.86076376,4049642.7142857136,137.740005,31.67,15.99,314.079987,141.130005,26.9,2.274465032,11,1.1,0.0,32.5,47.0,0.0,-0.3988304093567252
2019-12-03,7315.3677645579,5042457,9.276146503119284e+19,2918375.0,585844934,5.57196242092859e+22,193.44628439,4063864.4285714286,139.110001,31.01,16.049999,309.549988,141.21000700000005,26.77,2.2947028080000003,10,4.4,0.0,30.0,42.1,2.4473684210526314,-0.2937743190661479
2019-12-10,7239.762575441,5066859,9.67208952707854e+19,2905175.0,588411848,5.53056156509425e+22,155.42309749999995,4091234.5714285714,137.970001,31.99,15.57,313.5299990000001,138.66000400000001,26.719998999999998,2.2947028080000003,10,4.1,0.0,33.1,54.6,0.0,0.9201101928374656
2019-12-17,6584.0288433458,5207410,9.056029607703658e+19,2892800.0,590993303,5.53056156509425e+22,150.54157482000005,4131114.7142857136,139.009995,31.459999,15.88,319.570007,137.600006,26.66,2.2947028080000003,10,3.5,0.0,41.1,63.7,0.022900763358778626,0.2453371592539455
2019-12-24,7235.6266504955,4767455,9.739939097549408e+19,2879550.0,593511140,5.56137852721655e+22,147.56881042,4161514.0,141.270004,32.150002,16.58,321.230011,136.83999599999999,26.26,2.2947028080000003,10,3.9,0.0,33.3,63.7,0.022388059701492536,0.2407834101382489
2019-12-31,7179.9578192867,4506392,9.709156323690894e+19,2866362.5,595890165,5.56137852721655e+22,106.31851103,4172478.142857143,142.899994,32.119999,16.68,321.859985,135.479996,25.969998999999998,2.2947028080000003,10,4.3,0.0,32.5,57.8,0.0,-0.25441039925719594
2020-01-07,8039.603700818299,4620836,1.0914260991456716e+20,2852287.5,598293937,5.92653252637567e+22,110.39594759,4152984.2857142864,147.970001,32.490002000000004,17.17,322.730011,137.649994,26.120001000000002,2.184367399,13,1.2,0.8,46.6,67.8,-0.8248175182481752,0.4246575342465753
2020-01-14,8735.1424391365,5091575,1.0296536034127572e+20,2839162.5,600978936,6.34640153194588e+22,169.94491663,4172092.0,145.690002,31.940001000000002,16.620001000000002,327.450012,138.729996,26.23,2.184367399,13,1.2,0.9,49.7,61.8,-0.16666666666666666,-0.430944055944056
2020-01-21,8708.786013433,5033896,1.1074074730312235e+20,2825962.5,603640398,6.34640153194588e+22,152.04937445999997,4150188.857142857,146.740005,30.959999,16.639999,331.299988,139.470001,26.299999,2.184367399,13,1.3,0.9,44.8,59.1,0.0,0.1228878648233487
2020-01-28,9131.1149880642,5036461,1.1019393866418884e+20,2812900.0,606216206,6.64263891249076e+22,123.55870027,4150813.142857143,147.66000400000001,29.48,16.32,326.890015,143.16000400000001,26.43,2.184367399,13,1.3,0.9,35.5,59.1,0.0,0.5868673050615595
2020-02-04,9177.8946372066,5393322,1.1348724434230528e+20,2799975.0,608993436,6.64263891249076e+22,142.31171464,4164553.142857143,146.429993,28.190001000000002,16.450001,329.059998,143.580002,26.450001,2.068985713,14,1.6,1.1,32.9,71.8,0.05,0.4655172413793103
2020-02-11,10236.6351482326,5464935,1.0933470864088483e+20,2787537.5,611827763,6.67727646221751e+22,187.57720072,4180405.857142857,147.66000400000001,28.84,16.48,335.26001,144.100006,26.67,2.068985713,14,1.2,0.8,36.6,74.6,0.2380952380952381,0.3623529411764706
2020-02-18,10189.9959829746,5328087,1.1131555657141142e+20,2774925.0,614653855,6.67727646221751e+22,210.62308318,4173158.4285714286,150.91000400000001,28.76,17.01,336.730011,145.53999299999995,26.860001,2.068985713,14,1.2,2.4,37.9,81.4,-4.076923076923077,0.21157167530224524
2020-02-25,9392.8696287195,5110706,1.1002331507817788e+20,2762475.0,617385497,6.65157867420407e+22,165.18391594,4160484.5714285714,153.300003,26.139999,16.709999,312.649994,151.050003,26.76,2.068985713,14,1.3,3.2,31.5,80.1,0.3375,-0.024590163934426233
2020-03-03,8791.1120581303,5356640,1.1637384734963386e+20,2749237.5,620239710,6.65157867420407e+22,163.14736847,4229668.428571428,153.889999,24.18,16.02,300.23999,156.330002,26.280001000000002,1.691845701,19,1.4,3.3,15.8,71.4,-0.1308411214953271,-0.017172086225794667
2020-03-10,7959.2282742121,5424749,1.2060294537863071e+20,2735712.5,623120092,7.1094267092888e+22,163.49591806,4301853.285714285,154.479996,18.629998999999998,15.73,288.420013,162.509995,26.120001000000002,1.691845701,19,1.5,0.9,32.5,68.7,-1.2580645161290325,-0.41226765799256493
2020-03-17,5465.582594124,5315198,1.038092850861292e+20,2724662.5,625696969,7.1094267092888e+22,394.03594504,4617311.857142857,143.559998,14.71,11.88,252.80000299999998,152.979996,27.030001000000002,1.691845701,19,7.5,0.0,41.8,65.0,13.0,-0.34345351043643263
2020-03-24,6784.3180114254,4703797,9.533519089231802e+19,2714525.0,628113908,7.1094267092888e+22,383.80922014,5170554.285714285,153.399994,14.72,13.29,243.149994,162.91000400000001,27.65,1.691845701,19,0.9,0.0,29.1,58.6,-0.8928571428571429,0.11271676300578035
2020-03-31,6446.4213468415,5118298,1.007516847886773e+20,2702037.5,630564999,5.97538357950362e+22,247.22225384,5731988.571428571,148.050003,15.31,13.05,257.75,164.970001,26.83,1.691845701,19,0.9,0.0,37.7,65.9,0.0,-0.03636363636363636
2020-04-07,7175.6674765579,5336530,1.051711290963535e+20,2688712.5,633204078,5.97538357950362e+22,154.21957214000003,6044350.428571427,156.03999299999995,16.889999,13.99,265.130005,166.300003,27.049999,1.302297431,16,0.7,0.0,45.0,67.0,0.0,0.07816711590296496
2020-04-14,6887.5549078330005,5083838,1.1589012864952386e+20,2674812.5,635828415,6.32013631441592e+22,132.57603683,6327209.0,162.679993,17.709999,14.65,283.790009,163.83999599999999,26.76,1.302297431,16,0.7,0.0,40.8,57.7,0.05555555555555555,-0.21833333333333327
2020-04-21,6904.4757726979005,5896792,1.128512182299562e+20,2661437.5,638791572,6.85418898394786e+22,160.91180667999996,6543814.714285715,158.610001,17.09,13.88,273.040009,171.28999299999995,27.139999,1.302297431,16,0.7,0.0,42.4,53.6,0.0,-0.326226012793177
2020-04-28,7761.7587840758,5925553,1.1148141209361972e+20,2649125.0,641835680,6.85418898394786e+22,207.99871616000004,6644101.428571427,160.83999599999999,19.08,14.1,285.730011,169.58999599999999,27.07,1.302297431,16,0.9,0.5,33.1,55.3,-0.3947368421052632,1.143987341772152
2020-05-05,8978.2835871237,6565334,1.1948301402305672e+20,2635962.5,645055324,6.91696214587247e+22,533.0791257799998,6712064.142857143,161.020004,19.540001,13.93,286.190002,166.08999599999999,26.99,1.088891078,20,0.6,2.1,42.5,54.8,-5.869565217391305,-0.2937269372693727
2020-05-12,8815.2312449023,6675092,1.1949820371675242e+20,2623937.5,648336907,6.91696214587247e+22,609.7087402399999,6903826.0,160.03999299999995,19.68,14.42,286.670013,164.369995,27.08,1.088891078,20,0.4,3.0,49.5,65.2,1.2946428571428572,0.6238244514106583
2020-05-19,9719.4808544776,6135513,9.484508613073622e+19,2618756.25,651328767,6.91696214587247e+22,971.45858758,7022539.285714285,164.259995,19.9,16.17,291.97000099999997,163.66000400000001,26.940001000000002,1.088891078,20,0.4,3.1,50.2,62.6,0.17120622568093385,-0.12676962676962678
2020-05-26,8835.7272240409,5946967,9.040565472682402e+19,2613500.0,654210974,6.50174006716546e+22,906.74510393,7088736.285714285,160.889999,20.83,15.97,299.079987,163.330002,26.790001,1.088891078,20,0.4,3.5,44.5,54.8,-0.09966777408637874,-0.33456153279292555
2020-06-02,9516.1354430882,6099693,1.0365059271223842e+20,2607468.75,657203084,6.50174006716546e+22,567.4675675600001,7155516.857142857,162.600006,21.34,16.84,308.079987,161.690002,26.42,1.040694402,13,0.4,4.5,41.7,65.2,0.3210332103321033,1.2901439645625692
2020-06-09,9786.142020478199,6130366,1.1380603811965955e+20,2600306.25,660290885,5.89800031925055e+22,335.69022566000007,7168404.714285715,161.259995,23.82,16.42,320.790009,158.490005,26.059998999999998,1.040694402,13,0.4,5.6,43.9,64.8,0.3854748603351955,-0.03529980657640232
2020-06-16,9510.6606372934,6215048,1.108273995316988e+20,2593256.25,663417147,6.77949605677477e+22,229.05751587000003,7105296.571428573,162.25,21.5,16.26,312.959991,159.899994,26.23,1.040694402,13,0.4,5.6,43.0,65.0,-0.06451612903225806,-0.030576441102756893
2020-06-23,9609.6802455253,6081137,1.1036668689265626e+20,2587081.25,666535895,6.77949605677477e+22,279.10946396,7084071.714285715,166.479996,20.799999,16.76,312.049988,161.300003,26.15,1.040694402,13,0.3,5.3,41.2,66.8,-0.004310344827586207,0.23216132368148915
2020-06-30,9148.4448585576,6086664,1.1499283805200528e+20,2580681.25,669601451,6.7792698154257e+22,235.95333724,7019506.0,167.369995,20.01,17.01,308.359985,163.929993,26.32,1.040694402,13,0.0,6.4,40.1,69.5,0.0670995670995671,-0.05455308434746119
2020-07-07,9244.4158145353,6522780,1.2575450780152327e+20,2573656.25,672926357,6.7792698154257e+22,307.24352769000006,6933333.714285715,169.03999299999995,19.27,17.01,313.7799990000001,165.21000700000005,26.200001,1.105472718,14,0.0,6.4,40.0,70.2,0.060851926977687626,0.09587217043941412
2020-07-14,9260.4709801845,6576131,1.2295272692197984e+20,2566937.5,676277042,7.45002831255445e+22,312.34281372,6953191.428571427,170.190002,19.459999,17.969998999999994,318.920013,167.119995,26.02,1.105472718,14,0.0,6.4,42.9,65.6,0.019120458891013385,-0.235722964763062
2020-07-21,9395.064445882901,6418215,1.1328697328365058e+20,2561193.75,679551874,7.45002831255445e+22,522.9371601,6963876.285714285,173.0,20.299999,19.67,325.01001,167.28999299999995,25.73,1.105472718,14,0.0,5.8,44.7,65.7,-0.0,0.028086910439851617
2020-07-28,10939.6701415471,7133998,1.2703804571440484e+20,2554725.0,683076342,7.23597261389535e+22,876.89538348,6951278.142857143,183.75,19.559998999999998,22.77,321.170013,170.279999,25.35,1.105472718,14,0.0,4.4,45.8,60.8,0.08818011257035648,0.010309278350515464
2020-08-04,11228.026324016499,7060259,1.219540092692e+20,2548343.75,686562981,7.23597261389535e+22,1002.6987905,6945779.142857143,189.58999599999999,19.690001000000002,24.25,330.059998,171.570007,25.190001000000002,1.255725308,16,0.0,4.6,49.7,60.6,-0.0,-0.29081632653061223
2020-08-11,11340.582340643701,7049882,1.2290755738778314e+20,2541931.25,689992808,7.27902567633732e+22,896.5663804800001,6955557.0,179.940002,20.34,23.33,332.799988,167.110001,25.309998999999998,1.255725308,16,0.0,4.4,49.2,59.5,-0.0,-0.03525179856115108
2020-08-18,12071.738909085,6854352,1.2558677872001758e+20,2535406.25,693477570,7.27902567633732e+22,708.4616030000001,7003014.142857143,188.179993,19.969998999999998,25.879998999999998,338.640015,164.759995,24.93,1.255725308,16,0.0,4.0,39.9,59.4,-0.0,1.110365398956003
2020-08-25,11378.7260298071,6824112,1.225969488472493e+20,2529100.0,696838216,7.54110058694394e+22,736.98518691,6993306.428571427,181.220001,19.459999,24.76,344.119995,164.66000400000001,25.129998999999998,1.255725308,16,0.0,5.0,41.7,52.9,-0.0,-0.5374558303886926
2020-09-01,11964.2086724627,6879054,1.2609620900652528e+20,2522781.25,700233230,7.54110058694394e+22,682.1384061699998,7013624.285714285,185.050003,18.870001000000002,26.139999,352.600006,163.860001,24.950001,1.253406829,12,0.0,5.1,40.2,64.4,-0.06896551724137931,0.9640947288006112
2020-09-08,10043.1964412914,7056913,1.2778050562098828e+20,2516350.0,703556527,7.45004932929532e+22,788.7103722400002,7011596.571428573,181.28999299999998,17.82,24.75,333.209991,163.740005,25.219998999999998,1.253406829,12,0.0,2.8,33.6,56.9,-0.5759259259259261,-0.2598210812913263
2020-09-15,10829.5053071986,6709189,1.3672776711759726e+20,2509418.75,706939486,7.45004932929532e+22,554.55548227,7056780.571428573,183.449997,17.309998999999998,25.23,340.170013,164.070007,25.139999,1.253406829,12,0.0,0.0,30.0,55.7,-1.0,0.26379400945874937
2020-09-22,10531.1645626345,6773880,1.3641065689553042e+20,2502775.0,710296832,8.29558175890736e+22,434.07598308,7089063.0,178.649994,17.08,22.790001,330.299988,164.270004,25.379998999999998,1.253406829,12,0.0,0.0,27.1,53.2,0.0,-0.08523908523908524
2020-09-29,10764.284370719599,6725390,1.3994780271732117e+20,2496400.0,713661677,8.29558175890736e+22,474.64304556,7061419.285714285,178.190002,16.01,22.5,332.369995,164.83999599999999,25.35,1.253406829,12,0.0,0.0,27.4,64.6,0.0,0.2390909090909091
2020-10-06,10589.626393525301,6892654,1.363033852311813e+20,2490181.25,717016295,8.28846533403546e+22,658.89211399,7072003.285714285,177.300003,15.87,21.73,334.929993,160.429993,25.33,1.28648398,13,0.0,0.0,28.7,64.6,0.0,-0.00917094644167278
2020-10-13,11052.395083671201,3111376,1.4540418685133134e+20,2487337.5,718587417,8.28846533403546e+22,325.0968778,7074649.0,181.080002,16.459999,23.41,346.850006,160.08999599999999,25.139999,1.28648398,13,0.0,0.0,37.3,67.5,0.0,0.04664938911514254
